{
    "Execution Time": "2024-02-21 18:18:03",
    "Duration (seconds)": 22.55897068977356,
    "System Configuration": {
        "CPU Model": "Intel(R) Core(TM) i7-10750H CPU @ 2.60GHz",
        "CPU Usage (%)": {
            "50": 11.8,
            "95": 14.4,
            "99": 18.880000000000003
        },
        "CPU Usage": [
            [
                217468686,
                119354256,
                73678469,
                0
            ],
            [
                217481520,
                119363951,
                73687191,
                0
            ],
            [
                217496505,
                119374677,
                73695418,
                0
            ],
            [
                217512300,
                119385371,
                73704983,
                0
            ],
            [
                217527692,
                119395693,
                73711637,
                0
            ],
            [
                217544153,
                119406374,
                73720458,
                0
            ],
            [
                217559672,
                119416928,
                73727094,
                0
            ],
            [
                217575977,
                119428337,
                73746741,
                0
            ],
            [
                217591591,
                119439318,
                73753774,
                0
            ],
            [
                217607313,
                119450723,
                73761825,
                0
            ],
            [
                217623241,
                119462618,
                73769299,
                0
            ],
            [
                217637396,
                119473502,
                73780794,
                0
            ],
            [
                217657730,
                119485534,
                73793377,
                0
            ],
            [
                217671144,
                119494722,
                73799612,
                0
            ],
            [
                217683808,
                119503578,
                73805118,
                0
            ],
            [
                217695838,
                119512162,
                73811005,
                0
            ],
            [
                217710220,
                119522019,
                73819404,
                0
            ],
            [
                217727693,
                119532545,
                73825952,
                0
            ],
            [
                217742509,
                119542332,
                73833971,
                0
            ],
            [
                217756387,
                119552125,
                73840107,
                0
            ],
            [
                217773258,
                119562301,
                73846594,
                0
            ]
        ],
        "TF GPU": [],
        "Total RAM": 15.36383056640625,
        "RAM Usage (%)": {
            "50": 58.6,
            "95": 58.7,
            "99": 58.78
        },
        "RAM Usage": [
            [
                16496787456,
                6881386496,
                58.3,
                8162242560,
                324055040,
                6356017152,
                7792971776,
                323584,
                8010166272,
                1079967744,
                534122496
            ],
            [
                16496787456,
                6867709952,
                58.4,
                8175423488,
                310378496,
                6372700160,
                7792971776,
                323584,
                8010661888,
                1080463360,
                534052864
            ],
            [
                16496787456,
                6866018304,
                58.4,
                8177803264,
                308682752,
                6378110976,
                7792975872,
                323584,
                8009977856,
                1079775232,
                534183936
            ],
            [
                16496787456,
                6865235968,
                58.4,
                8178356224,
                307900416,
                6381944832,
                7792975872,
                323584,
                8010207232,
                1080004608,
                534151168
            ],
            [
                16496787456,
                6863523840,
                58.4,
                8180097024,
                306188288,
                6386098176,
                7792975872,
                323584,
                8010178560,
                1079975936,
                534052864
            ],
            [
                16496787456,
                6862430208,
                58.4,
                8180707328,
                305094656,
                6390042624,
                7792975872,
                323584,
                8010661888,
                1080459264,
                534151168
            ],
            [
                16496787456,
                6862671872,
                58.4,
                8180957184,
                305336320,
                6393589760,
                7792975872,
                323584,
                8010170368,
                1079967744,
                534183936
            ],
            [
                16496787456,
                6860947456,
                58.4,
                8182566912,
                303611904,
                6398275584,
                7792975872,
                323584,
                8010285056,
                1080082432,
                534118400
            ],
            [
                16496787456,
                6860689408,
                58.4,
                8182824960,
                303353856,
                6401892352,
                7792975872,
                323584,
                8010285056,
                1080082432,
                534052864
            ],
            [
                16496787456,
                6848237568,
                58.5,
                8195571712,
                290902016,
                6405529600,
                7792975872,
                323584,
                8009990144,
                1079787520,
                534085632
            ],
            [
                16496787456,
                6827155456,
                58.6,
                8210747392,
                269819904,
                6413197312,
                7792975872,
                323584,
                8015896576,
                1085693952,
                534183936
            ],
            [
                16496787456,
                6825889792,
                58.6,
                8211841024,
                268546048,
                6415716352,
                7792984064,
                323584,
                8016076800,
                1085865984,
                534183936
            ],
            [
                16496787456,
                6816530432,
                58.7,
                8223272960,
                259018752,
                6414159872,
                7793152000,
                323584,
                8014172160,
                1083793408,
                534118400
            ],
            [
                16496787456,
                6815789056,
                58.7,
                8224518144,
                258277376,
                6413471744,
                7793152000,
                323584,
                8013668352,
                1083289600,
                534085632
            ],
            [
                16496787456,
                6815875072,
                58.7,
                8224964608,
                258363392,
                6413467648,
                7793152000,
                323584,
