{
    "Execution Time": "2024-02-21 18:20:00",
    "Duration (seconds)": 6.325822591781616,
    "System Configuration": {
        "CPU Model": "Intel(R) Core(TM) i7-10750H CPU @ 2.60GHz",
        "CPU Usage (%)": {
            "50": 13.5,
            "95": 19.175,
            "99": 19.515
        },
        "CPU Usage": [
            [
                219226292,
                120481837,
                74491841,
                0
            ],
            [
                219245367,
                120494624,
                74499780,
                0
            ],
            [
                219267173,
                120508135,
                74511690,
                0
            ],
            [
                219291871,
                120522253,
                74520832,
                0
            ],
            [
                219318800,
                120537490,
                74530483,
                0
            ],
            [
                219346144,
                120552892,
                74539665,
                0
            ]
        ],
        "TF GPU": [],
        "Total RAM": 15.36383056640625,
        "RAM Usage (%)": {
            "50": 58.3,
            "95": 58.650000000000006,
            "99": 58.690000000000005
        },
        "RAM Usage": [
            [
                16496787456,
                6907904000,
                58.1,
                8134541312,
                349016064,
                6334423040,
                7788756992,
                323584,
                8012906496,
                1081151488,
                533860352
            ],
            [
                16496787456,
                6892687360,
                58.2,
                8149626880,
                333795328,
                6358630400,
                7788761088,
                323584,
                8013041664,
                1081282560,
                534044672
            ],
            [
                16496787456,
                6888878080,
                58.2,
                8153759744,
                329981952,
                6365736960,
                7788765184,
                323584,
                8012722176,
                1080958976,
                534036480
            ],
            [
                16496787456,
                6863581184,
                58.4,
                8160927744,
                304685056,
                6378569728,
                7788765184,
                323584,
                8030851072,
                1098821632,
                533995520
            ],
            [
                16496787456,
                6846779392,
                58.5,
                8177209344,
                287571968,
                6384197632,
                7789076480,
                323584,
                8031682560,
                1099608064,
                534056960
            ],
            [
                16496787456,
                6814875648,
                58.7,
                8205103104,
                246808576,
                6418882560,
                7790510080,
                323584,
                8044552192,
                1103618048,
                534188032
            ]
        ]
    },
    "Hyperparameters": {
        "environment": "[J|nowait,t,gj=1|D]",
        "max_numb_of_machines": 3,
        "max_numb_of_tasks": 9,
        "max_task_depth": 10,
        "fixed_max_numbers": true,
        "high_numb_of_tasks_preference": 0.35,
        "high_numb_of_machines_preference": 0.8,
        "algorithm": "DQN",
        "episodes": 20,
        "epochs": 1,
        "gamma": 0.85,
        "epsilon": 1,
        "alpha": 0.0001,
        "epsilon_decay": 0.995,
        "min_epsilon": 0.01,
        "rb_alpha": 0.6,
        "rb_beta": 0.4,
        "rb_beta_end": 1,
        "batch_size": 128,
        "update_target_network": 100,
        "numb_of_executions": 1,
        "model_name": "[J-nowait,t,gj=1-D]_DQN_20240221_182005",
        "save_final_dqn_model": false,
        "save_log_file": true,
        "training_dir_name": "2024-01-17_episodes-1000_tasks-100",
        "test_dir_name": "2024-02-20_unlabeled-dir-date-2024-01-17_epochs-1000_tasks-9_env-[J,m=1-nowait,f,gj=1-T]"
    },
    "Result": {
        "fitness_curve": [
            429.33333333333337,
            427.66666666666674,
            168.66666666666669,
            428.66666666666674,
            -100.0,
            166.0,
            168.66666666666669,
            168.66666666666669,
            698.6666666666667,
            420.66666666666674,
            169.33333333333331,
            425.33333333333326,
            689.3333333333333,
            -100.0,
            166.0,
            677.0000000000001,
            423.0,
            -100.0,
            165.33333333333331,
            424.0
        ]
    },
    "Model Path": "models/[J-nowait,t,gj=1-D]_DQN_20240221_182005"
}