{
    "Execution Time": "2024-02-21 17:31:15",
    "Duration (seconds)": 29.82633137702942,
    "System Configuration": {
        "CPU Model": "Intel(R) Core(TM) i7-10750H CPU @ 2.60GHz",
        "CPU Usage (%)": {
            "50": 13.4,
            "95": 14.93,
            "99": 18.650000000000002
        },
        "CPU Usage": [
            [
                168995566,
                88949454,
                53413611,
                0
            ],
            [
                169013618,
                88961612,
                53420430,
                0
            ],
            [
                169031496,
                88973808,
                53427089,
                0
            ],
            [
                169049148,
                88985251,
                53435675,
                0
            ],
            [
                169067053,
                88996808,
                53448073,
                0
            ],
            [
                169085102,
                89008428,
                53454984,
                0
            ],
            [
                169103661,
                89020587,
                53462257,
                0
            ],
            [
                169122285,
                89033070,
                53476650,
                0
            ],
            [
                169141137,
                89045754,
                53490138,
                0
            ],
            [
                169159215,
                89058190,
                53499501,
                0
            ],
            [
                169177586,
                89070467,
                53508639,
                0
            ],
            [
                169195830,
                89082619,
                53515825,
                0
            ],
            [
                169216116,
                89096041,
                53523760,
                0
            ],
            [
                169234582,
                89108434,
                53531130,
                0
            ],
            [
                169253221,
                89121018,
                53541568,
                0
            ],
            [
                169270884,
                89132904,
                53548382,
                0
            ],
            [
                169288995,
                89145737,
                53558745,
                0
            ],
            [
                169307571,
                89158473,
                53568992,
                0
            ],
            [
                169326471,
                89171229,
                53576548,
                0
            ],
            [
                169344711,
                89183624,
                53583893,
                0
            ],
            [
                169363272,
                89196085,
                53591241,
                0
            ],
            [
                169380920,
                89208241,
                53598064,
                0
            ],
            [
                169399376,
                89220582,
                53605069,
                0
            ],
            [
                169417172,
                89233088,
                53612164,
                0
            ],
            [
                169434399,
                89244998,
                53621740,
                0
            ],
            [
                169451420,
                89256639,
                53628165,
                0
            ],
            [
                169469021,
                89268468,
                53634798,
                0
            ],
            [
                169486609,
                89280686,
                53642412,
                0
            ]
        ],
        "TF GPU": [],
        "Total RAM": 15.36383056640625,
        "RAM Usage (%)": {
            "50": 56.9,
            "95": 57.1,
            "99": 57.1
        },