{
    "Execution Time": "2024-02-21 18:15:40",
    "Duration (seconds)": 13.48395323753357,
    "System Configuration": {
        "CPU Model": "Intel(R) Core(TM) i7-10750H CPU @ 2.60GHz",
        "CPU Usage (%)": {
            "50": 12.7,
            "95": 20.49499999999999,
            "99": 27.13900000000001
        },
        "CPU Usage": [
            [
                214995128,
                117824874,
                72648630,
                0
            ],
            [
                215009833,
                117835562,
                72657777,
                0
            ],
            [
                215028115,
                117847678,
                72665072,
                0
            ],
            [
                215045349,
                117859322,
                72674840,
                0
            ],
            [
                215062886,
                117871097,
                72683354,
                0
            ],
            [
                215080960,
                117883153,
                72698500,
                0
            ],
            [
                215098501,
                117895291,
                72705738,
                0
            ],
            [
                215116439,
                117907199,
                72712903,
                0
            ],
            [
                215133932,
                117919177,
                72722425,
                0
            ],
            [
                215152760,
                117931837,
                72730269,
                0
            ],
            [
                215169000,
                117944766,
                72740421,
                0
            ],
            [
                215183327,
                117955840,
                72746829,
                0
            ]
        ],
        "TF GPU": [],
        "Total RAM": 15.36383056640625,
        "RAM Usage (%)": {
            "50": 58.3,
            "95": 58.5,
            "99": 58.5
        },
        "RAM Usage": [
            [
                16496787456,
                6893215744,
                58.2,
                8168951808,
                334016512,
                6340927488,
                7780745216,
                323584,
                7993495552,
                1078206464,
                533266432
            ],
            [
                16496787456,
                6892089344,
                58.2,
                8177876992,
                332881920,
                6357528576,
                7780753408,
                323584,
                7985704960,
                1070407680,
                533237760
            ],
            [
                16496787456,
                6889316352,
                58.2,
                8180428800,
                330108928,
                6363258880,
                7780753408,
                323584,
                7985926144,
                1070628864,
                533225472
            ],
            [
                16496787456,
                6889377792,
                58.2,
                8181448704,
                330170368,
                6366945280,
                7780753408,
                323584,
                7984844800,
                1069547520,
                533331968
            ],
            [
                16496787456,
                6885462016,
                58.3,
                8185364480,
                326254592,
                6370963456,
                7780753408,
                323584,
                7984844800,
                1069547520,
                533299200
            ],
            [
                16496787456,
                6877597696,
                58.3,
                8193425408,
                318390272,
                6376071168,
                7780753408,
                323584,
                7984648192,
                1069350912,
                533364736
            ],
            [
                16496787456,
                6871089152,
                58.3,
                8199933952,
                311881728,
                6378770432,
                7780753408,
                323584,
                7984648192,
                1069350912,
                533430272
            ],
            [
                16496787456,
                6868340736,
                58.4,
                8202682368,
                309133312,
                6383337472,
                7780753408,
                323584,
                7984648192,
                1069350912,
                533299200
            ],
            [
                16496787456,
                6866767872,
                58.4,
                8204320768,
                307560448,
                6386864128,
                7780753408,
                323584,
                7984582656,
                1069285376,
                533200896
            ],
            [
                16496787456,
                6853120000,
                58.5,
                8200404992,
                310673408,
                6392258560,
                7780769792,
                323584,
                7985385472,
                1070071808,
                533233664
            ],
            [
                16496787456,
                6847012864,
                58.5,
                8203677696,
                304562176,
                6394998784,
                7780773888,
                323584,
                7988224000,
                1072902144,
                533331968
            ],
            [
                16496787456,
                6840455168,
                58.5,
                8212402176,
                297996288,
                6396354560,
                7780782080,
                323584,
                7986065408,
                1070739456,
                533184512
            ]
        ]
    },
    "Hyperparameters": {
        "environment": "[J|nowait,t,gj=1|D]",
        "max_numb_of_machines": 3,
        "max_numb_of_tasks": 9,
        "max_task_depth": 10,
        "fixed_max_numbers": true,
        "high_numb_of_tasks_preference": 0.35,
        "high_numb_of_machines_preference": 0.8,
        "algorithm": "DQN",
        "episodes": 20,
        "epochs": 1,
        "gamma": 0.85,
        "epsilon": 1,
        "alpha": 0.0001,
        "epsilon_decay": 0.995,
        "min_epsilon": 0.01,
        "rb_alpha": 0.6,
        "rb_beta": 0.4,
        "rb_beta_end": 1,
        "batch_size": 128,
        "update_target_network": 100,
        "numb_of_executions": 1,
        "model_name": "[J-nowait,t,gj=1-D]_DQN_20240221_181550",
        "save_final_dqn_model": false,
        "save_log_file": true,
        "training_dir_name": "2024-01-17_episodes-1000_tasks-100",
        "test_dir_name": "2024-02-20_unlabeled-dir-date-2024-01-17_epochs-1000_tasks-9_env-[J,m=1-nowait,f,gj=1-T]"
    },
    "Result": {
        "fitness_curve": [
            166.0,
            424.0,
            432.0,
            432.0,
            168.0,
            427.0,
            166.0,
            165.33333333333331,
            168.0,
            435.33333333333326,
            165.33333333333331,
            438.0,
            423.33333333333337,
            433.33333333333326,
            166.0,
            428.66666666666663,
            423.33333333333337,
            164.66666666666669,
            419.66666666666663,
            164.66666666666669
        ],
        "figures": [
            